autor3,libro3,martes,2002-07-04
autor3,libro3,viernes,2012-03-28
autor2,libro2,lunes,2003-07-05
autor1,libro1,domingo,2008-11-30
autor3,libro3,martes,2001-10-07
autor2,libro2,martes,2013-02-10
autor2,libro2,lunes,2001-04-04
autor2,libro2,miercoles,2008-08-15
autor3,libro3,domingo,2002-08-29
autor2,libro2,viernes,2011-07-11
autor2,libro2,sabado,2007-08-17
autor3,libro3,martes,2004-12-06
autor3,libro3,lunes,2005-05-12
autor3,libro3,miercoles,2006-05-27
autor2,libro2,viernes,2005-06-18
autor2,libro2,martes,2009-04-23
autor1,libro1,martes,2008-10-03
autor3,libro3,miercoles,2009-10-09
autor1,libro1,domingo,2007-02-08
autor2,libro2,domingo,2002-11-10
autor1,libro1,sabado,2000-06-20
autor3,libro3,domingo,2004-03-02
autor1,libro1,domingo,2007-04-21
autor2,libro2,sabado,2005-03-23
autor1,libro1,jueves,2001-05-21
autor2,libro2,sabado,2006-05-23
autor2,libro2,domingo,2001-09-09
autor2,libro2,lunes,2004-07-31
autor2,libro2,domingo,2001-01-09
autor3,libro3,lunes,2011-04-17
autor2,libro2,domingo,2008-06-29
autor3,libro3,sabado,2013-04-19
autor3,libro3,viernes,2004-12-26
autor2,libro2,jueves,2011-08-26
autor2,libro2,viernes,2011-05-15
autor2,libro2,martes,2004-09-05
autor1,libro1,sabado,2010-05-06
autor3,libro3,miercoles,2011-11-08
autor3,libro3,martes,2000-11-04
autor2,libro2,viernes,2013-07-18
autor3,libro3,domingo,2005-03-23
autor3,libro3,viernes,2012-04-04
autor1,libro1,viernes,2005-02-09
autor2,libro2,lunes,2005-11-02
autor1,libro1,miercoles,2004-01-14
autor3,libro3,domingo,2007-03-01
autor1,libro1,viernes,2001-12-13
autor3,libro3,jueves,2013-06-12
autor1,libro1,jueves,2009-08-05
autor3,libro3,sabado,2008-10-21
autor3,libro3-1,lunex,2020-10-10
autor3,libro3,lunes,2020-10-10
autor1,libro1,sabado,2004-06-26
autor3,libro3,jueves,2007-12-12
autor3,libro3,viernes,2007-06-09
autor2,libro2,domingo,2003-10-30
autor2,libro2,viernes,2004-10-19
autor3,libro3,martes,2003-01-02
autor3,libro3,miercoles,2001-05-27
autor3,libro3,martes,2012-11-02
autor2,libro2,viernes,2009-07-04
autor3,libro3,jueves,2012-06-17
autor1,libro1,martes,2020-10-13
